Date;Kejernihan Langit;Suhu;Kecepatan Angin
01/12/2021;0.59;18.52;0.91
02/12/2021;0.45;18.6;0.62
03/12/2021;0.33;18.63;0.48
04/12/2021;0.67;19.22;0.76
05/12/2021;0.45;19.15;0.64
06/12/2021;0.51;19.49;0.55
07/12/2021;0.51;19.91;0.44
08/12/2021;0.56;20.72;0.71
09/12/2021;0.51;20.05;0.53
10/12/2021;0.42;20.09;0.56
11/12/2021;0.49;20.22;0.59
12/12/2021;0.51;20.07;0.59
13/12/2021;0.58;20.23;0.61
14/12/2021;0.48;20.08;0.48
15/12/2021;0.51;20.09;0.66
16/12/2021;0.45;19.66;0.73
17/12/2021;0.34;18.29;1.02
18/12/2021;0.23;18.91;0.68
19/12/2021;0.34;18.84;0.67
20/12/2021;0.15;19.34;1.48
21/12/2021;0.52;19.44;1.12
22/12/2021;0.61;20.29;0.67
23/12/2021;0.6;19.8;0.71
24/12/2021;0.66;19.9;0.71
25/12/2021;0.67;20.36;0.41
26/12/2021;0.66;20.24;0.82
27/12/2021;0.68;20.03;0.82
28/12/2021;0.66;19.3;0.87
29/12/2021;0.62;19.25;0.91
30/12/2021;0.52;19.6;0.81
31/12/2021;0.23;19.04;1.38
01/01/2022;0.26;18.84;0.94
02/01/2022;0.3;19.11;1.04
03/01/2022;0.45;19.1;0.72
04/01/2022;0.44;19.81;0.48
05/01/2022;0.53;20.35;0.56
06/01/2022;0.55;20.46;0.66
07/01/2022;0.61;19.83;0.42
08/01/2022;0.39;19.73;0.38
09/01/2022;0.44;19.75;0.52
10/01/2022;0.28;19.88;0.31
11/01/2022;0.62;19.74;0.55
12/01/2022;0.59;20.57;0.5
13/01/2022;0.5;19.84;1.04
14/01/2022;0.65;18.9;0.75
15/01/2022;0.62;20.33;0.59
16/01/2022;0.55;19.83;0.52
17/01/2022;0.52;19.32;0.59
18/01/2022;0.47;19.44;0.65
19/01/2022;0.48;19.65;0.39
20/01/2022;0.67;19.99;0.67
21/01/2022;0.59;20.12;0.61
22/01/2022;0.59;19.95;0.5
23/01/2022;0.61;19.63;0.46
24/01/2022;0.52;19.51;0.57
25/01/2022;0.54;19.65;0.48
26/01/2022;0.57;20.31;0.71
27/01/2022;0.62;20.89;0.62
28/01/2022;0.66;20.86;0.65
29/01/2022;0.62;20.74;0.8
30/01/2022;0.68;20.37;0.68
31/01/2022;0.6;20.76;0.45
01/02/2022;0.55;20.7;0.5
02/02/2022;0.49;20.35;0.57
03/02/2022;0.52;20.63;0.41
04/02/2022;0.46;20.47;0.46
05/02/2022;0.49;19.9;0.46
06/02/2022;0.48;19.3;0.3
07/02/2022;0.37;18.62;0.68
08/02/2022;0.6;18.86;0.7
09/02/2022;0.33;18.8;0.89
10/02/2022;0.32;18.84;0.84
11/02/2022;0.52;19.45;0.7
12/02/2022;0.52;19.96;0.8
13/02/2022;0.6;19.94;0.52
14/02/2022;0.48;20.42;0.43
15/02/2022;0.43;20.13;0.44
16/02/2022;0.36;19.58;0.86
17/02/2022;0.45;19.23;0.76
18/02/2022;0.47;19.31;0.93
19/02/2022;0.64;18.99;0.78
20/02/2022;0.7;19.76;0.5
21/02/2022;0.69;19.98;0.65
22/02/2022;0.54;20.4;0.7
23/02/2022;0.52;20.02;0.45
24/02/2022;0.46;19.09;0.88
25/02/2022;0.5;18.32;1.26
26/02/2022;0.38;19.01;1.22
27/02/2022;0.3;19.37;0.48
28/02/2022;0.47;19.51;0.52
01/03/2022;0.4;19.59;0.45
02/03/2022;0.54;20.22;0.41
03/03/2022;0.5;19.83;0.5
04/03/2022;0.54;20.11;0.71
05/03/2022;0.31;18.89;0.99
06/03/2022;0.46;19.65;0.65
07/03/2022;0.47;19.56;0.48
08/03/2022;0.41;19.36;0.48
09/03/2022;0.53;20.3;0.47
10/03/2022;0.38;19.3;0.52
11/03/2022;0.51;20.18;0.48
12/03/2022;0.55;20.87;0.72
13/03/2022;0.55;21.02;0.67
14/03/2022;0.47;20.05;0.78
15/03/2022;0.55;20.33;0.61
16/03/2022;0.44;20.49;0.48
17/03/2022;0.4;20.31;0.56
18/03/2022;0.5;20.26;0.96
19/03/2022;0.31;19.01;1.17
20/03/2022;0.36;18.57;1.59
21/03/2022;0.4;17.99;1.47
22/03/2022;0.6;18.76;1.06
23/03/2022;0.52;19.52;0.69
24/03/2022;0.5;20.09;0.55
25/03/2022;0.51;20.49;0.57
26/03/2022;0.53;20.49;0.66
27/03/2022;0.61;21.29;0.59
28/03/2022;0.56;20.9;0.78
29/03/2022;0.51;21.08;0.55
30/03/2022;0.55;20.96;0.77
31/03/2022;0.49;19.87;0.6
01/04/2022;0.59;20.26;0.78
02/04/2022;0.48;19.76;0.76
03/04/2022;0.29;18.98;0.73
04/04/2022;0.52;19.39;0.48
05/04/2022;0.36;19.33;0.73
06/04/2022;0.38;19.82;0.71
07/04/2022;0.45;19.76;0.56
08/04/2022;0.5;19.99;0.55
09/04/2022;0.54;19.8;0.75
10/04/2022;0.56;21.08;0.7
11/04/2022;0.48;19.95;0.56
12/04/2022;0.61;20.12;0.3
13/04/2022;0.53;20.57;0.43
14/04/2022;0.61;21.3;0.73
15/04/2022;0.59;21.28;0.71
16/04/2022;0.63;21.3;0.62
17/04/2022;0.54;20.88;0.87
18/04/2022;0.56;20.85;0.78
19/04/2022;0.48;21.05;0.7
20/04/2022;0.47;20.1;0.53
21/04/2022;0.52;20.7;0.44
22/04/2022;0.54;20.97;0.66
23/04/2022;0.37;20.51;0.45
24/04/2022;0.55;21.27;0.57
25/04/2022;0.48;20.96;0.62
26/04/2022;0.4;19.58;0.75
27/04/2022;0.52;20.79;0.72
28/04/2022;0.53;21.61;0.64
29/04/2022;0.45;20.73;0.78
30/04/2022;0.55;20.46;0.58
01/05/2022;0.34;20.5;0.83
02/05/2022;0.46;20.24;0.6
03/05/2022;0.38;19.44;0.87
04/05/2022;0.46;19.73;0.88
05/05/2022;0.29;20.06;0.96
06/05/2022;0.33;20.18;1.02
07/05/2022;0.48;20.37;0.82
08/05/2022;0.48;20.55;0.7
09/05/2022;0.3;20.79;0.83
10/05/2022;0.54;20.71;0.77
11/05/2022;0.3;19.86;0.8
12/05/2022;0.55;19.63;1.15
13/05/2022;0.59;19.84;0.96
14/05/2022;0.48;20.9;0.55
15/05/2022;0.45;20.68;0.68
16/05/2022;0.41;20.01;0.67
17/05/2022;0.61;20.78;0.61
18/05/2022;0.61;20.8;0.7
19/05/2022;0.58;20.71;0.84
20/05/2022;0.6;20.01;0.98
21/05/2022;0.56;19.78;1.16
22/05/2022;0.44;19.81;0.99
23/05/2022;0.57;20.12;0.72
24/05/2022;0.59;20.23;0.8
25/05/2022;0.36;19.14;1.1
26/05/2022;0.6;19.05;1.34
27/05/2022;0.57;18.93;1.3
28/05/2022;0.46;18.92;1.59
29/05/2022;0.39;18.67;1.13
30/05/2022;0.56;19.24;1.19
31/05/2022;0.39;19.21;1.35
01/06/2022;0.36;17.51;1.12
02/06/2022;0.41;17.79;1.28
03/06/2022;0.43;18.31;1.07
04/06/2022;0.58;18.78;0.66
05/06/2022;0.45;19.6;0.59
06/06/2022;0.43;18.31;0.6
07/06/2022;0.46;18.37;0.57
08/06/2022;0.6;19.58;0.56
09/06/2022;0.52;20.25;0.52
10/06/2022;0.24;19.37;0.64
11/06/2022;0.52;19.87;0.54
12/06/2022;0.39;20.24;0.54
13/06/2022;0.63;20.33;0.61
14/06/2022;0.45;19.71;0.52
15/06/2022;0.41;19.08;0.86
16/06/2022;0.59;19.26;0.64
17/06/2022;0.53;20.45;0.54
18/06/2022;0.42;19.97;0.68
19/06/2022;0.42;19.67;0.67
20/06/2022;0.46;20.29;0.46
21/06/2022;0.41;19.4;0.77
22/06/2022;0.46;19.12;0.6
23/06/2022;0.35;19.23;0.7
24/06/2022;0.43;19.19;0.9
25/06/2022;0.66;19.32;0.9
26/06/2022;0.44;18.49;0.8
27/06/2022;0.51;19.01;0.77
28/06/2022;0.44;18.76;0.99
29/06/2022;0.46;18.94;1.33
30/06/2022;0.58;18.38;1.6
01/07/2022;0.55;18.02;1.22
02/07/2022;0.3;19.09;1.54
03/07/2022;0.48;17.69;1.26
04/07/2022;0.32;18.55;1.45
05/07/2022;0.45;18.4;1.15
06/07/2022;0.64;18.53;0.97
07/07/2022;0.67;19.24;1.3
08/07/2022;0.55;18.72;1.33
09/07/2022;0.51;18.01;1.29
10/07/2022;0.43;18.69;1.44
11/07/2022;0.44;19.01;1.61
12/07/2022;0.3;18.68;1.25
13/07/2022;0.53;19.23;1.06
14/07/2022;0.55;19.76;0.98
15/07/2022;0.68;19.5;0.95
16/07/2022;0.59;19.2;0.9
17/07/2022;0.6;19.22;0.62
18/07/2022;0.69;20.01;0.77
19/07/2022;0.37;19.45;0.92
20/07/2022;0.65;19.56;0.95
21/07/2022;0.43;19.59;0.76
22/07/2022;0.55;19.87;0.65
23/07/2022;0.55;20.78;0.8
24/07/2022;0.41;20.23;0.77
25/07/2022;0.41;19.83;0.47
26/07/2022;0.49;19.93;0.66
27/07/2022;0.34;19.66;0.89
28/07/2022;0.47;19.65;0.73
29/07/2022;0.47;18.37;1.3
30/07/2022;0.46;18;1.09
31/07/2022;0.59;19.84;0.76
01/08/2022;0.46;19.94;0.53
02/08/2022;0.22;18.92;0.94
03/08/2022;0.27;17.83;1.07
04/08/2022;0.46;18.23;0.98
05/08/2022;0.53;19.41;1.12
06/08/2022;0.38;18.82;1.02
07/08/2022;0.62;18.6;1.11
08/08/2022;0.62;18.51;1.09
09/08/2022;0.52;18.87;0.96
10/08/2022;0.62;20.19;0.77
11/08/2022;0.61;20.23;0.74
12/08/2022;0.58;19.83;0.88
13/08/2022;0.53;19.73;0.66
14/08/2022;0.55;20.58;0.64
15/08/2022;0.39;19.01;0.77
16/08/2022;0.45;19.46;0.81
17/08/2022;0.54;19.69;0.53
18/08/2022;0.47;19.97;0.34
19/08/2022;0.53;20.68;0.5
20/08/2022;0.54;19.2;0.79
21/08/2022;0.41;18.55;0.99
22/08/2022;0.41;18.81;0.99
23/08/2022;0.42;19.29;0.73
24/08/2022;0.45;19.83;0.91
25/08/2022;0.27;19.19;1.05
26/08/2022;0.37;18.54;1.23
27/08/2022;0.37;18.73;0.71
28/08/2022;0.4;19.44;0.62
29/08/2022;0.48;19.51;0.36
30/08/2022;0.39;19.28;0.46
31/08/2022;0.46;19.33;0.67
01/09/2022;0.27;19.03;0.77
02/09/2022;0.46;18.81;1.15
03/09/2022;0.41;18.87;1.08
04/09/2022;0.53;18.94;1.2
05/09/2022;0.51;19.29;0.92
06/09/2022;0.41;19.53;0.91
07/09/2022;0.36;17.69;1.12
08/09/2022;0.32;19.15;0.98
09/09/2022;0.69;20.13;0.54
10/09/2022;0.6;20.05;0.57
11/09/2022;0.43;20.12;0.67
12/09/2022;0.62;20.05;0.73
13/09/2022;0.59;19.52;0.8
14/09/2022;0.52;18.31;0.74
15/09/2022;0.51;19;0.77
16/09/2022;0.54;19.76;0.96
17/09/2022;0.48;20.01;0.86
18/09/2022;0.48;18.76;1.25
19/09/2022;0.59;18.55;1.04
20/09/2022;0.55;18.46;0.81
21/09/2022;0.45;19.37;1
22/09/2022;0.55;18.45;1.06
23/09/2022;0.49;18.86;0.95
24/09/2022;0.54;18.9;1.16
25/09/2022;0.48;18.83;0.99
26/09/2022;0.48;19.19;0.95
27/09/2022;0.41;18.9;1.29
28/09/2022;0.3;18.65;1.67
29/09/2022;0.36;18.39;1.59
30/09/2022;0.38;19.01;0.98
01/10/2022;0.34;18.55;1
02/10/2022;0.48;18.99;0.84
03/10/2022;0.35;19.06;0.93
04/10/2022;0.38;18.79;0.84
05/10/2022;0.37;18.2;0.93
06/10/2022;0.38;19.04;0.91
07/10/2022;0.29;18.44;0.85
08/10/2022;0.54;18.76;0.67
09/10/2022;0.34;19.28;0.7
10/10/2022;0.61;19.74;0.84
11/10/2022;0.59;19.75;0.87
12/10/2022;0.55;19.15;0.71
13/10/2022;0.46;19.64;0.93
14/10/2022;0.43;19.41;1.05
15/10/2022;0.43;18.69;1.53
16/10/2022;0.27;18.7;1.28
17/10/2022;0.46;18.55;1.21
18/10/2022;0.34;18.2;1.31
19/10/2022;0.37;18.07;1.53
20/10/2022;0.38;19.03;1.31
21/10/2022;0.4;19.12;1.26
22/10/2022;0.3;19;0.85
23/10/2022;0.49;19.09;0.59
24/10/2022;0.48;19.15;0.84
25/10/2022;0.41;19.48;0.91
26/10/2022;0.27;19.41;0.73
27/10/2022;0.38;19.36;0.87
28/10/2022;0.46;19.67;0.62
29/10/2022;0.47;19.68;0.52
30/10/2022;0.35;19.43;0.55
31/10/2022;0.46;19.15;0.9
01/11/2022;0.48;19.52;0.79
02/11/2022;0.46;19.55;0.7
03/11/2022;0.39;20.06;0.52
04/11/2022;0.35;19.15;0.83
05/11/2022;0.45;19.37;0.73
06/11/2022;0.56;19.31;0.83
07/11/2022;0.34;18.78;0.9
08/11/2022;0.47;18.87;0.62
09/11/2022;0.43;19.85;0.76
10/11/2022;0.32;19.12;1.05
11/11/2022;0.28;18.59;1.3
12/11/2022;0.35;18.97;0.92
13/11/2022;0.29;19.34;0.55
14/11/2022;0.33;19.49;0.92
15/11/2022;0.41;19.26;1.16
16/11/2022;0.41;18.91;1.27
17/11/2022;0.45;18.08;1.18
18/11/2022;0.45;18.05;0.98
19/11/2022;0.41;18.09;1.02
20/11/2022;0.5;18.37;1.02
21/11/2022;0.48;19.47;1.13
22/11/2022;0.45;19.41;1.27
23/11/2022;0.55;17.72;1.47
24/11/2022;0.38;17.65;1.57
25/11/2022;0.44;17.38;1.35
26/11/2022;0.54;17.71;0.96
27/11/2022;0.57;18.82;0.62
28/11/2022;0.52;19.78;0.58
29/11/2022;0.36;20;0.67
30/11/2022;0.47;20.25;0.69
01/12/2022;0.41;19.59;0.6
02/12/2022;0.43;18.76;0.75
03/12/2022;0.31;19.06;0.68
04/12/2022;0.42;19.3;0.7
05/12/2022;0.34;19.05;0.99
06/12/2022;0.35;18.5;0.91
07/12/2022;0.51;18.96;0.77
08/12/2022;0.4;18.87;0.91
09/12/2022;0.29;17.62;0.84
10/12/2022;0.25;18.34;1.35
11/12/2022;0.28;17.95;0.91
12/12/2022;0.23;18.65;0.77
13/12/2022;0.36;18.9;0.54
14/12/2022;0.27;18.64;0.64
15/12/2022;0.43;19.51;0.6
16/12/2022;0.51;20.32;0.63
17/12/2022;0.46;19.74;0.82
18/12/2022;0.36;18.43;0.75
19/12/2022;0.52;19.53;0.5
20/12/2022;0.32;19.58;0.48
21/12/2022;0.46;18.99;0.77
22/12/2022;0.45;19.15;0.66
23/12/2022;0.56;20.08;0.8
24/12/2022;0.55;19.69;0.66
25/12/2022;0.54;19.99;0.41
26/12/2022;0.5;19.67;0.43
27/12/2022;0.33;20.16;0.7
28/12/2022;0.47;19.89;0.58
29/12/2022;0.42;19.72;0.62
30/12/2022;0.52;19.77;0.54
31/12/2022;0.59;19.52;0.73
01/01/2023;0.61;20;0.61
02/01/2023;0.58;19.73;0.63
03/01/2023;0.54;19.81;0.64
04/01/2023;0.58;19.31;0.75
05/01/2023;0.52;19.12;1.22
06/01/2023;0.52;19.08;0.94
07/01/2023;0.45;19.06;0.48
08/01/2023;0.45;19.33;0.59
09/01/2023;0.6;19.76;0.62
10/01/2023;0.57;19.54;0.69
11/01/2023;0.56;19.11;0.71
12/01/2023;0.53;19.77;0.61
13/01/2023;0.53;19.37;0.55
14/01/2023;0.47;19.69;0.45
15/01/2023;0.48;19.55;0.84
16/01/2023;0.54;19.4;1.04
17/01/2023;0.45;16.7;1.24
18/01/2023;0.5;18.08;0.87
19/01/2023;0.55;19.63;1.15
20/01/2023;0.48;19.3;0.79
21/01/2023;0.12;18.81;0.92
22/01/2023;0.38;18.55;0.84
23/01/2023;0.28;18.62;0.9
24/01/2023;0.37;18.02;0.74
25/01/2023;0.49;19.51;0.63
26/01/2023;0.48;19.65;0.41
27/01/2023;0.39;18.89;0.45
28/01/2023;0.5;18.86;0.66
29/01/2023;0.49;19.53;0.63
30/01/2023;0.48;19.21;0.35
31/01/2023;0.42;18.44;0.54
01/02/2023;0.55;18.48;0.55
02/02/2023;0.56;19.65;0.65
03/02/2023;0.51;19.74;0.8
04/02/2023;0.45;20.36;0.58
05/02/2023;0.39;19.99;0.59
06/02/2023;0.44;19.23;0.5
07/02/2023;0.42;19.75;0.59
08/02/2023;0.47;19.72;0.5
09/02/2023;0.48;20.55;0.57
10/02/2023;0.24;19.47;0.62
11/02/2023;0.45;19.19;0.55
12/02/2023;0.52;20.28;0.75
13/02/2023;0.42;20.13;0.45
14/02/2023;0.49;20.08;0.64
15/02/2023;0.55;19.32;0.66
16/02/2023;0.46;19.58;0.77
17/02/2023;0.44;20.04;0.61
18/02/2023;0.55;20.5;0.84
19/02/2023;0.51;20.1;0.92
20/02/2023;0.64;19.75;0.81
21/02/2023;0.58;19.01;0.49
22/02/2023;0.54;19.96;0.35
23/02/2023;0.52;20.53;0.5
24/02/2023;0.62;19.52;1
25/02/2023;0.66;19.15;0.94
26/02/2023;0.56;19.69;0.81
27/02/2023;0.56;19.17;0.84
28/02/2023;0.45;19.45;0.68
01/03/2023;0.29;18.48;0.99
02/03/2023;0.55;19.9;0.64
03/03/2023;0.28;18.48;0.95
04/03/2023;0.51;19.42;1.2
05/03/2023;0.55;19.33;1.01
06/03/2023;0.64;19.47;0.88
07/03/2023;0.56;19.69;0.73
08/03/2023;0.59;20.24;0.73
09/03/2023;0.5;20.58;0.54
10/03/2023;0.45;19.98;0.73
11/03/2023;0.35;19.8;0.5
12/03/2023;0.43;21.21;0.83
13/03/2023;0.49;19.83;0.74
14/03/2023;0.54;19.37;0.44
15/03/2023;0.48;20.25;0.41
16/03/2023;0.54;20.76;0.64
17/03/2023;0.54;21.3;0.41
18/03/2023;0.48;20.67;0.41
19/03/2023;0.48;21.37;0.56
20/03/2023;0.46;20.9;0.85
21/03/2023;0.43;21.25;0.52
22/03/2023;0.57;21.42;0.73
23/03/2023;0.38;20.25;0.48
24/03/2023;0.43;20.47;0.67
25/03/2023;0.48;20.26;0.81
26/03/2023;0.54;20.69;0.77
27/03/2023;0.57;21.04;0.51
28/03/2023;0.4;20.83;0.42
29/03/2023;0.62;21.33;0.89
30/03/2023;0.47;21.04;0.65
31/03/2023;0.57;20.83;0.55
01/04/2023;0.59;20.57;0.53
02/04/2023;0.44;20.19;0.76
03/04/2023;0.37;19.74;0.66
04/04/2023;0.57;20.05;0.91
05/04/2023;0.52;20.34;0.88
06/04/2023;0.62;20.48;0.59
07/04/2023;0.49;20.46;0.66
08/04/2023;0.53;20.82;0.77
09/04/2023;0.57;20.55;0.76
10/04/2023;0.63;20.58;0.86
11/04/2023;0.63;21.44;0.76
12/04/2023;0.55;21.26;0.65
13/04/2023;0.56;21.53;0.69
14/04/2023;0.55;21.53;0.76
15/04/2023;0.55;21.69;0.7
16/04/2023;0.54;21.4;0.68
17/04/2023;0.64;21.38;0.95
18/04/2023;0.49;21.76;0.69
19/04/2023;0.48;21.43;0.75
20/04/2023;0.42;20.76;0.89
21/04/2023;0.53;20.98;0.81
22/04/2023;0.51;21.76;0.76
23/04/2023;0.36;20.69;0.45
24/04/2023;0.5;21.48;0.82
25/04/2023;0.52;21.35;0.8
26/04/2023;0.5;21.58;0.84
27/04/2023;0.45;21.51;0.61
28/04/2023;0.48;21.54;0.56
29/04/2023;0.41;21.48;0.55
30/04/2023;0.42;21.87;0.63
01/05/2023;0.56;22.06;0.44
02/05/2023;0.45;21.37;0.54
03/05/2023;0.47;21.82;0.39
04/05/2023;0.43;20.73;0.65
05/05/2023;0.54;21.18;0.73
06/05/2023;0.39;20.47;0.85
07/05/2023;0.48;20.92;0.8
08/05/2023;0.38;20.65;1.14
09/05/2023;0.33;19.37;1.36
10/05/2023;0.45;20.57;0.94
11/05/2023;0.6;21.12;0.77
12/05/2023;0.64;21.74;0.68
13/05/2023;0.67;21.87;0.76
14/05/2023;0.6;21.45;0.66
15/05/2023;0.56;20.39;0.59
16/05/2023;0.61;21.14;0.53
17/05/2023;0.49;21.44;0.71
18/05/2023;0.45;19.98;0.97
19/05/2023;0.5;20.47;0.84
20/05/2023;0.56;21.04;0.82
21/05/2023;0.57;20.9;0.73
22/05/2023;0.58;19.79;0.84
23/05/2023;0.57;20.37;0.77
24/05/2023;0.55;20.83;0.84
25/05/2023;0.54;20.95;0.85
26/05/2023;0.45;20.77;0.95
27/05/2023;0.65;20.83;0.86
28/05/2023;0.69;20.41;1.18
29/05/2023;0.6;20.15;1.05
30/05/2023;0.59;20.65;0.85
31/05/2023;0.53;20.63;0.86
01/06/2023;0.62;21.08;0.8
02/06/2023;0.62;21.11;0.59
03/06/2023;0.3;20.04;0.85
04/06/2023;0.52;19.82;0.95
05/06/2023;0.59;19.41;0.99
06/06/2023;0.52;18.55;1.16
07/06/2023;0.56;18.65;0.98
08/06/2023;0.66;19.47;1.11
09/06/2023;0.59;19.74;0.89
10/06/2023;0.55;19.96;0.83
11/06/2023;0.66;18.94;0.94
12/06/2023;0.65;19.7;0.96
13/06/2023;0.64;19.83;0.98
14/06/2023;0.6;19.01;1.04
15/06/2023;0.59;18.98;1.08
16/06/2023;0.62;18.86;1.16
17/06/2023;0.5;18.5;1.19
18/06/2023;0.45;18.83;1.07
19/06/2023;0.69;18.86;1.18
20/06/2023;0.72;19.64;0.88
21/06/2023;0.62;20.64;0.7
22/06/2023;0.34;20.79;0.67
23/06/2023;0.51;21.08;0.62
24/06/2023;0.55;20.3;0.63
25/06/2023;0.46;20.04;0.75
26/06/2023;0.5;19.9;0.66
27/06/2023;0.38;19.29;0.61
28/06/2023;0.48;20;0.76
29/06/2023;0.48;19.89;0.71
30/06/2023;0.34;19.1;1.49
01/07/2023;0.34;18.42;1.63
02/07/2023;0.45;19.2;0.91
03/07/2023;0.66;19.58;0.66
04/07/2023;0.63;20.41;0.66
05/07/2023;0.64;19.83;0.79
06/07/2023;0.6;20.59;0.85
07/07/2023;0.52;20.43;0.64
08/07/2023;0.37;19.89;0.62
09/07/2023;0.5;19.78;1.01
10/07/2023;0.44;19.23;1.08
11/07/2023;0.5;18.93;0.81
12/07/2023;0.55;20.48;0.65
13/07/2023;0.41;19.2;0.75
14/07/2023;0.39;18.36;1.01
15/07/2023;0.62;19.31;1.22
16/07/2023;0.62;19.38;1.14
17/07/2023;0.52;19.26;1.15
18/07/2023;0.4;19.37;1.19
19/07/2023;0.28;18.81;1.12
20/07/2023;0.52;19.57;1.31
21/07/2023;0.55;19.93;0.84
22/07/2023;0.42;19.18;1.2
23/07/2023;0.57;19.15;1.16
24/07/2023;0.57;19.3;1.34
25/07/2023;0.54;18.63;1.15
26/07/2023;0.53;18.94;1
27/07/2023;0.62;20.17;0.84
28/07/2023;0.59;20.59;1.04
29/07/2023;0.61;20.35;0.98
30/07/2023;0.3;19.19;1.01
31/07/2023;0.49;20.01;0.66
01/08/2023;0.36;19.76;1.05
02/08/2023;0.55;20.05;1.04
03/08/2023;0.59;20.62;0.9
04/08/2023;0.56;20.9;0.67
05/08/2023;0.41;20.57;0.8
06/08/2023;0.4;20.79;0.91
07/08/2023;0.48;19.41;0.88
08/08/2023;0.42;19.97;0.61
09/08/2023;0.38;20.33;0.79
10/08/2023;0.41;20.49;0.61
11/08/2023;0.45;20.09;0.52
12/08/2023;0.49;20.03;0.62
13/08/2023;0.32;19.93;0.7
14/08/2023;0.3;19.61;1.13
15/08/2023;0.5;19.25;0.85
16/08/2023;0.45;19.63;0.62
17/08/2023;0.42;20.56;0.55
18/08/2023;0.59;20.37;0.75
19/08/2023;0.59;20.35;0.93
20/08/2023;0.59;20.46;1.14
21/08/2023;0.49;19.33;0.91
22/08/2023;0.49;20.08;0.72
23/08/2023;0.46;20.27;0.76
24/08/2023;0.5;20.73;0.55
25/08/2023;0.47;19.8;0.52
26/08/2023;0.4;19.76;0.62
27/08/2023;0.55;21.2;0.68
28/08/2023;0.55;20.73;0.95
29/08/2023;0.41;20.37;1.1
30/08/2023;0.57;19.72;0.91
31/08/2023;0.53;19.82;0.76
01/09/2023;0.31;20.13;0.75
02/09/2023;0.5;20.23;1.02
03/09/2023;0.35;20.3;0.62
04/09/2023;0.35;20.12;0.49
05/09/2023;0.28;19.94;0.66
06/09/2023;0.39;20.57;0.77
07/09/2023;0.61;20.75;0.7
08/09/2023;0.58;20.42;0.75
09/09/2023;0.52;20.62;0.81
10/09/2023;0.35;19.78;0.73
11/09/2023;0.62;20.55;0.72
12/09/2023;0.45;20.24;0.73
13/09/2023;0.55;20.48;0.58
14/09/2023;0.41;20.01;0.52
15/09/2023;0.49;20.22;0.7
16/09/2023;0.39;20.33;0.66
17/09/2023;0.41;20.8;0.55
18/09/2023;0.4;20.25;0.71
19/09/2023;0.47;20.48;0.57
20/09/2023;0.4;20.23;0.74
21/09/2023;0.38;20.02;0.6
22/09/2023;0.38;20.34;0.88
23/09/2023;0.36;19.34;1.22
24/09/2023;0.45;19.4;1.23
25/09/2023;0.27;19.65;1.3
26/09/2023;0.48;19.65;0.74
27/09/2023;0.34;19.72;0.9
28/09/2023;0.55;21.23;0.78
29/09/2023;0.41;20.74;0.65
30/09/2023;0.56;21.06;0.63
01/10/2023;0.47;21.32;0.85
02/10/2023;0.38;21.08;0.66
03/10/2023;0.45;20.49;0.71
04/10/2023;0.48;19.79;0.52
05/10/2023;0.32;20.22;0.52
06/10/2023;0.51;20.56;0.34
07/10/2023;0.45;20.55;0.51
08/10/2023;0.42;21.2;0.57
09/10/2023;0.49;20.09;0.94
10/10/2023;0.43;20.18;0.69
11/10/2023;0.4;20.26;0.65
12/10/2023;0.43;20.38;0.47
13/10/2023;0.48;20.65;0.57
14/10/2023;0.36;20.82;0.76
15/10/2023;0.37;19.98;1.04
16/10/2023;0.42;20.31;0.6
17/10/2023;0.3;19.52;0.99
18/10/2023;0.47;20.01;0.65
19/10/2023;0.36;20.79;0.79
20/10/2023;0.38;19.98;0.9
21/10/2023;0.41;19.88;0.59
22/10/2023;0.34;19.6;0.57
23/10/2023;0.47;20.65;0.48
24/10/2023;0.43;20.85;0.7
25/10/2023;0.45;20.46;0.47
26/10/2023;0.45;20.49;0.41
27/10/2023;0.41;19.59;0.47
28/10/2023;0.41;20.09;0.61
29/10/2023;0.45;19.75;0.91
30/10/2023;0.47;20.04;0.43
31/10/2023;0.39;21.08;0.62
01/11/2023;0.39;20.36;0.62
02/11/2023;0.41;20.8;0.39
03/11/2023;0.48;20.33;0.44
04/11/2023;0.45;20.75;0.52
05/11/2023;0.47;20.83;0.77
06/11/2023;0.47;19.86;0.59
07/11/2023;0.48;20.19;0.43
08/11/2023;0.44;20.25;0.81
09/11/2023;0.35;19.95;0.55
10/11/2023;0.46;20.05;0.41
11/11/2023;0.44;20.16;0.57
12/11/2023;0.47;20.37;0.68
13/11/2023;0.34;20.3;0.69
14/11/2023;0.38;20.9;0.56
15/11/2023;0.45;20.3;0.67
16/11/2023;0.45;19.87;0.67
17/11/2023;0.41;20.59;0.45
18/11/2023;0.48;20.43;0.9
19/11/2023;0.51;20.15;0.91
20/11/2023;0.41;20.49;0.82
21/11/2023;0.33;19.62;0.55
22/11/2023;0.38;20;0.67
23/11/2023;0.4;19.4;0.59
24/11/2023;0.44;19.88;0.69
25/11/2023;0.39;19.16;0.52
26/11/2023;0.27;19.12;0.79
27/11/2023;0.51;19.41;0.94
28/11/2023;0.48;20.24;0.67
29/11/2023;0.37;20.69;0.66
30/11/2023;0.41;20.36;0.58
01/12/2023;0.46;20.19;0.84
02/12/2023;0.42;20.34;1.17
03/12/2023;0.41;19.99;1.12
04/12/2023;0.48;20.27;0.46
05/12/2023;0.27;20.63;0.41
06/12/2023;0.44;20.8;0.68
07/12/2023;0.44;20.6;0.64
08/12/2023;0.52;20.63;0.51
09/12/2023;0.49;21.02;0.93
10/12/2023;0.52;20.72;0.49
11/12/2023;0.46;20.65;0.62
12/12/2023;0.38;19.32;0.46
13/12/2023;0.52;20.46;0.78
14/12/2023;0.41;20;0.78
15/12/2023;0.41;20;0.51
16/12/2023;0.48;20.81;0.69
17/12/2023;0.43;20.72;0.6
18/12/2023;0.44;20.17;0.6
19/12/2023;0.59;20.64;0.88
20/12/2023;0.54;20.59;0.93
21/12/2023;0.52;20.19;0.55
22/12/2023;0.54;19.61;1.12
23/12/2023;0.51;19.93;1.3
24/12/2023;0.23;20.31;0.91
25/12/2023;0.29;19.96;0.45
26/12/2023;0.49;20.15;0.52
27/12/2023;0.49;21.06;1
28/12/2023;0.47;20.01;0.99
29/12/2023;0.37;19.93;0.98
30/12/2023;0.33;19.62;0.68
31/12/2023;0.48;19.83;0.74
01/01/2024;0.49;20.35;0.77
02/01/2024;0.52;21;0.57
03/01/2024;0.37;20.69;0.47
04/01/2024;0.55;20.91;0.61
05/01/2024;0.5;20.92;0.57
06/01/2024;0.43;20.68;0.59
07/01/2024;0.42;19.62;0.91
08/01/2024;0.49;20.93;0.8
09/01/2024;0.34;20.45;0.74
10/01/2024;0.43;20.8;0.85
11/01/2024;0.56;20.49;1
12/01/2024;0.59;20.18;1.13
13/01/2024;0.61;19.91;0.84
14/01/2024;0.59;19.41;0.75
15/01/2024;0.46;20.61;0.53
16/01/2024;0.53;20.35;0.6
17/01/2024;0.3;20.2;0.45
18/01/2024;0.52;19.75;0.81
19/01/2024;0.45;20.01;0.88
20/01/2024;0.58;20.09;0.67
21/01/2024;0.55;19.68;0.99
22/01/2024;0.62;20.62;0.78
23/01/2024;0.53;20.13;0.62
24/01/2024;0.45;20.88;0.57
25/01/2024;0.48;20.75;0.62
26/01/2024;0.48;20.67;0.88
27/01/2024;0.45;20.09;0.49
28/01/2024;0.46;20.9;0.48
29/01/2024;0.51;20.83;0.52
30/01/2024;0.57;21.24;0.73
31/01/2024;0.6;20.74;0.75
01/02/2024;0.59;21.12;0.71
02/02/2024;0.54;21.31;0.59
03/02/2024;0.48;21.24;0.46
04/02/2024;0.61;21.05;0.67
05/02/2024;0.66;20.83;0.74
06/02/2024;0.62;20.6;0.76
07/02/2024;0.61;21.29;0.79
08/02/2024;0.57;20.87;0.59
09/02/2024;0.58;20.44;0.95
10/02/2024;0.57;20.53;1.03
11/02/2024;0.58;19.82;1.21
12/02/2024;0.55;19.56;1.43
13/02/2024;0.63;20.88;1.13
14/02/2024;0.52;20.96;1.02
15/02/2024;0.38;20.77;0.91
16/02/2024;0.52;20.67;0.86
17/02/2024;0.48;20.99;0.59
18/02/2024;0.48;20.97;0.56
19/02/2024;0.39;20.81;0.48
20/02/2024;0.38;20.8;0.52
21/02/2024;0.57;20.95;0.48
22/02/2024;0.55;21.38;0.56
23/02/2024;0.6;21.38;0.71
24/02/2024;0.63;21.17;0.53
25/02/2024;0.62;21.32;0.67
26/02/2024;0.59;21.33;0.88
27/02/2024;0.62;21.15;0.98
28/02/2024;0.59;21.3;0.63
29/02/2024;0.52;21.23;0.69
01/03/2024;0.55;21.35;0.66
02/03/2024;0.51;20.44;0.87
03/03/2024;0.51;21.31;0.84
04/03/2024;0.41;21.64;0.39
05/03/2024;0.35;21.1;0.65
06/03/2024;0.52;21.09;0.62
07/03/2024;0.44;20.87;0.67
08/03/2024;0.42;19.24;0.7
09/03/2024;0.49;20.5;0.62
10/03/2024;0.51;21.01;0.72
11/03/2024;0.65;21.04;0.85
12/03/2024;0.7;21.11;0.79
13/03/2024;0.66;20.69;0.58
14/03/2024;0.68;21.01;0.54
15/03/2024;0.6;21.55;0.88
16/03/2024;0.53;21.33;0.66
17/03/2024;0.6;21.36;0.59
18/03/2024;0.55;22.02;0.61
19/03/2024;0.62;20.4;0.57
20/03/2024;0.42;20.07;0.58
21/03/2024;0.49;21.23;0.61
22/03/2024;0.56;22.35;0.66
23/03/2024;0.42;21.62;0.56
24/03/2024;0.62;22.03;0.73
25/03/2024;0.52;21.84;0.71
26/03/2024;0.38;20.32;0.59
27/03/2024;0.33;20.97;0.55
28/03/2024;0.61;21.55;0.76
29/03/2024;0.55;21.76;0.8
30/03/2024;0.41;21.6;0.87
31/03/2024;0.5;21.62;0.71
01/04/2024;0.4;22.05;0.51
02/04/2024;0.56;22.56;0.44
03/04/2024;0.48;22.69;0.76
04/04/2024;0.53;21.91;0.36
05/04/2024;0.63;21.92;0.48
06/04/2024;0.66;22.94;0.64
07/04/2024;0.62;22.51;1.06
08/04/2024;0.47;21.81;0.46
09/04/2024;0.45;21.37;0.73
10/04/2024;0.41;21.02;0.51
11/04/2024;0.53;21.83;0.97
12/04/2024;0.52;21.83;0.71
13/04/2024;0.59;22.08;0.75
14/04/2024;0.52;22.18;0.62
15/04/2024;0.58;22.44;0.7
16/04/2024;0.4;21.83;0.61
17/04/2024;0.45;21.79;0.44
18/04/2024;0.54;21.47;0.3
19/04/2024;0.43;21.68;0.59
20/04/2024;0.5;21.07;0.75
21/04/2024;0.53;21.75;0.59
22/04/2024;0.53;21.63;0.53
23/04/2024;0.53;22.62;0.6
24/04/2024;0.52;22.39;0.55
25/04/2024;0.41;22.57;0.59
26/04/2024;0.52;22.62;0.73
27/04/2024;0.45;22.55;0.64
28/04/2024;0.47;22.42;0.66
29/04/2024;0.55;22.74;0.62
30/04/2024;0.47;23.06;0.7
01/05/2024;0.54;22.49;0.59
02/05/2024;0.45;22.71;0.77
03/05/2024;0.33;22.87;0.53
04/05/2024;0.54;22.55;0.41
05/05/2024;0.55;23.01;0.59
06/05/2024;0.55;22.69;0.58
07/05/2024;0.51;22.31;0.65
08/05/2024;0.55;22.35;0.51
09/05/2024;0.56;21.76;0.38
10/05/2024;0.45;22.14;0.47
11/05/2024;0.42;21.76;0.63
12/05/2024;0.49;21.49;0.57
13/05/2024;0.45;20.38;0.64
14/05/2024;0.48;21.99;0.78
15/05/2024;0.46;21.85;0.63
16/05/2024;0.43;22.19;0.72
17/05/2024;0.41;22.07;0.46
18/05/2024;0.55;21.42;0.41
19/05/2024;0.48;21.73;0.52
20/05/2024;0.3;21.65;0.54
21/05/2024;0.41;20.58;1.03
22/05/2024;0.48;20.44;0.98
23/05/2024;0.58;20.1;1.01
24/05/2024;0.48;21.05;0.76
25/05/2024;0.46;21.46;0.6
26/05/2024;0.59;21.14;0.67
27/05/2024;0.6;20.58;0.8
28/05/2024;0.57;21.14;0.8
29/05/2024;0.6;21.8;0.7
30/05/2024;0.52;21.23;0.85
31/05/2024;0.3;20.56;1.2
01/06/2024;0.37;19.66;1.15
02/06/2024;0.42;19.79;0.61
03/06/2024;0.48;20.65;0.47
04/06/2024;0.66;21.66;0.65
05/06/2024;0.63;21.05;0.65
06/06/2024;0.48;19.34;0.55
07/06/2024;0.6;20.76;0.57
08/06/2024;0.7;21.37;0.72
09/06/2024;0.66;20.79;1
10/06/2024;0.64;19.73;0.95
11/06/2024;0.59;19.48;0.95
12/06/2024;0.55;20.23;0.76
13/06/2024;0.57;20.44;0.75
14/06/2024;0.62;21.25;0.58
15/06/2024;0.55;20.48;0.61
16/06/2024;0.24;19.91;0.61
17/06/2024;0.43;19.95;0.61
18/06/2024;0.59;20.74;0.62
19/06/2024;0.57;20.52;0.45
20/06/2024;0.5;20.46;0.85
21/06/2024;0.34;18.72;1.45
22/06/2024;0.52;18.16;1.38
23/06/2024;0.53;18.73;1
24/06/2024;0.52;19.03;0.91
25/06/2024;0.59;19.96;0.92
26/06/2024;0.7;20.76;0.72
27/06/2024;0.49;20.4;0.54
28/06/2024;0.52;20.42;0.52
29/06/2024;0.42;20.96;0.51
30/06/2024;0.44;18.62;0.87
01/07/2024;0.65;19.55;0.79
02/07/2024;-999;20.45;0.81
03/07/2024;-999;20.18;0.64
04/07/2024;-999;18.48;0.85
05/07/2024;-999;19.58;0.6
06/07/2024;-999;20.32;0.52
07/07/2024;-999;19.94;0.91
08/07/2024;-999;20.25;0.54
09/07/2024;-999;20.16;0.66
10/07/2024;-999;18.7;0.72
11/07/2024;-999;19.48;0.91
12/07/2024;-999;-999;-999
13/07/2024;-999;-999;-999
14/07/2024;-999;-999;-999
15/07/2024;-999;19.69;1.05
16/07/2024;-999;19.83;0.95
17/07/2024;-999;18.85;1.09
18/07/2024;-999;19.3;1.25
19/07/2024;-999;19.37;1.05
20/07/2024;-999;20.22;0.77
21/07/2024;-999;20.79;0.9
22/07/2024;-999;20.28;1.2
23/07/2024;-999;20.26;1.16
24/07/2024;-999;19.99;1.21
25/07/2024;-999;19.98;1.36
26/07/2024;-999;20.15;1.04
27/07/2024;-999;20.65;0.88
28/07/2024;-999;20.45;1.08
29/07/2024;-999;19;0.88
30/07/2024;-999;19.26;0.8
31/07/2024;-999;19.4;0.91
01/08/2024;-999;19.3;0.63
02/08/2024;-999;20.45;0.64
03/08/2024;-999;20.44;0.53
04/08/2024;-999;19.9;0.49
05/08/2024;-999;19.2;0.52
06/08/2024;-999;19.7;0.66
07/08/2024;-999;20.25;0.52
08/08/2024;-999;20.52;0.6
09/08/2024;-999;20.87;0.64
10/08/2024;-999;20.32;0.56
11/08/2024;-999;19.52;1.32
12/08/2024;-999;19.69;0.77
13/08/2024;-999;21.03;0.71
14/08/2024;-999;21.3;0.65
15/08/2024;-999;21.16;0.5
16/08/2024;-999;21.36;0.5
17/08/2024;-999;21.12;0.34
18/08/2024;-999;20.57;0.75
19/08/2024;-999;19.75;0.96
20/08/2024;-999;17.99;1.14
21/08/2024;-999;20.02;0.82
22/08/2024;-999;20.37;0.45
23/08/2024;-999;19.55;0.82
24/08/2024;-999;19.75;0.53
25/08/2024;-999;19.73;0.77
26/08/2024;-999;19.51;0.66
27/08/2024;-999;18.97;1.49
28/08/2024;-999;17.32;1.2
29/08/2024;-999;17.9;1.21
30/08/2024;-999;19.01;0.87
31/08/2024;-999;19.76;0.84
01/09/2024;-999;21.13;0.75
02/09/2024;-999;20.61;0.92
03/09/2024;-999;19.67;0.95
04/09/2024;-999;19.68;1.04
05/09/2024;-999;19.68;1.01
06/09/2024;-999;20.19;0.89
07/09/2024;-999;20.05;0.74
08/09/2024;-999;19.93;0.65
09/09/2024;-999;19.67;1.04
10/09/2024;-999;19.81;0.71
11/09/2024;-999;20.09;0.88
12/09/2024;-999;19.84;1.11
13/09/2024;-999;19;1.1
14/09/2024;-999;18.44;1.24
15/09/2024;-999;18.89;1.29
16/09/2024;-999;19.38;1.66
17/09/2024;-999;18.8;2.2
18/09/2024;-999;18.59;1.88
19/09/2024;-999;19.18;1.4
20/09/2024;-999;18.9;1.82
21/09/2024;-999;18.93;1.14
22/09/2024;-999;19.7;0.95
23/09/2024;-999;19.66;0.82
24/09/2024;-999;19.94;0.56
25/09/2024;-999;20.62;0.67
26/09/2024;-999;20.94;0.72
27/09/2024;-999;21.18;0.6
28/09/2024;-999;20.31;0.46
29/09/2024;-999;19.9;0.56
30/09/2024;-999;20.44;0.89
01/10/2024;-999;21.01;0.68
02/10/2024;-999;21.01;0.65
03/10/2024;-999;20.46;0.61
04/10/2024;-999;20.75;0.82
05/10/2024;-999;19.55;0.74
06/10/2024;-999;19.66;0.52
07/10/2024;-999;19.95;0.45
08/10/2024;-999;20.08;0.52
09/10/2024;-999;20.37;0.71
10/10/2024;-999;20.65;0.67
11/10/2024;-999;20.46;0.67
12/10/2024;-999;20.05;0.56
13/10/2024;-999;20.04;0.89
14/10/2024;-999;18.98;0.91
15/10/2024;-999;18.93;1.03
16/10/2024;-999;20.38;0.79
17/10/2024;-999;20.27;0.76
18/10/2024;-999;18.87;0.8
19/10/2024;-999;17.85;1.03
20/10/2024;-999;18.61;1.21
21/10/2024;-999;19.33;1.18
22/10/2024;-999;19.41;0.98
23/10/2024;-999;20.15;0.91
24/10/2024;-999;20.37;0.9
25/10/2024;-999;20.25;0.81
26/10/2024;-999;20.26;1.06
27/10/2024;-999;19.96;1.3
28/10/2024;-999;20.7;1.16
29/10/2024;-999;20.43;0.8
30/10/2024;-999;19.74;1.03
31/10/2024;-999;19.49;0.83
01/11/2024;-999;19.55;0.99
02/11/2024;-999;19.71;1.02
03/11/2024;-999;19.89;0.81
04/11/2024;-999;19.79;0.79
05/11/2024;-999;18.59;0.8
06/11/2024;-999;19.1;0.84
07/11/2024;-999;19.59;0.76
08/11/2024;-999;19.86;0.68
09/11/2024;-999;19.15;0.68
10/11/2024;-999;19.75;0.52
11/11/2024;-999;19.99;0.52
12/11/2024;-999;19.89;0.59
13/11/2024;-999;20.46;0.76
14/11/2024;-999;20.62;0.58
15/11/2024;-999;20.27;0.45
16/11/2024;-999;20.8;0.62
17/11/2024;-999;20.34;0.74
18/11/2024;-999;20.76;0.91
19/11/2024;-999;19.4;0.95
20/11/2024;-999;19.99;0.97
21/11/2024;-999;19.99;1.02
22/11/2024;-999;20;0.55
23/11/2024;-999;20.17;0.45
24/11/2024;-999;19.5;0.5
25/11/2024;-999;20.63;0.41
26/11/2024;-999;20.15;0.72
27/11/2024;-999;19.49;0.84
28/11/2024;-999;19.23;0.62
29/11/2024;-999;19.89;0.58
30/11/2024;-999;20.04;0.75
